participant_id,created_at,updated_at,consent_given,condition,forced_condition,timestamp_session_start,timestamp_chat_start,timestamp_chat_end,timestamp_questionnaire_start,timestamp_questionnaire_submit,completion_stage,dropout_stage,chat_completed,questionnaire_completed,session_completed,total_turns,total_user_words,total_assistant_words,average_user_message_length
e2fbc974-e6f2-4bd7-86c8-c9d95aac4310,2026-06-26 15:01:17.468555,2026-06-26 15:01:53.235725,True,competent,False,2026-06-26 15:01:17.467873,2026-06-26 15:01:51.026944,,,,chat,,False,False,False,1,4,18,
fc7a86d2-74cb-46c1-885f-756d639c1319,2026-06-30 07:53:24.361762,2026-06-30 07:55:29.244967,True,warm,False,2026-06-30 07:53:24.360485,2026-06-30 07:54:21.408946,2026-06-30 07:54:59.779216,,2026-06-30 07:55:29.244014,completed,,True,True,True,3,64,133,21.33
efe2e7b6-e294-430d-aaa8-ff6561f87bde,2026-06-30 09:48:52.355549,2026-06-30 09:48:52.355550,True,warm,False,2026-06-30 09:48:52.355038,,,,,vignette,,False,False,False,0,0,0,
23f6df14-81d0-4628-82bc-18a74ae057cf,2026-06-29 15:22:24.543514,2026-06-29 15:23:05.608145,True,warm,False,2026-06-29 15:22:24.542836,2026-06-29 15:22:33.312842,2026-06-29 15:23:05.607425,,,questionnaire,,True,False,False,3,20,86,
c2ef0b87-0883-48b6-9687-cd301e9395bb,2026-06-29 15:26:51.407000,2026-06-29 15:26:51.407003,True,competent,False,2026-06-29 15:26:51.396031,,,,,vignette,,False,False,False,0,0,0,
7eb94b66-44b5-4947-b9fb-281d0528f758,2026-06-26 14:04:50.658562,2026-06-26 14:04:50.658564,True,warm,False,2026-06-26 14:04:50.657300,,,,,vignette,,False,False,False,0,0,0,
dd2a6616-a13d-461f-b432-4d89431fe7b5,2026-06-26 14:03:01.854851,2026-06-26 14:05:33.502626,True,warm,False,2026-06-26 14:03:01.843092,2026-06-26 14:03:41.893285,2026-06-26 14:04:48.581862,,2026-06-26 14:05:33.501691,completed,,True,True,True,3,39,136,13.0
8d6f5be4-6888-4ab2-b04c-c75149a44f29,2026-06-26 14:08:34.592312,2026-06-26 14:08:34.592314,True,competent,False,2026-06-26 14:08:34.576686,,,,,vignette,,False,False,False,0,0,0,
cbbe4061-990d-4f89-8147-8f69774253fb,2026-06-29 15:27:20.014629,2026-06-29 15:27:20.014632,True,warm,False,2026-06-29 15:27:20.003927,,,,,vignette,,False,False,False,0,0,0,
d3766caa-20c8-4ed4-b130-f83bb35a26fb,2026-06-29 15:27:20.952981,2026-06-29 15:27:20.952983,True,competent,False,2026-06-29 15:27:20.942578,,,,,vignette,,False,False,False,0,0,0,
62548a0a-337c-44a5-a290-73e2a5e0a9ec,2026-06-26 14:08:50.047971,2026-06-26 14:10:08.103410,True,competent,False,2026-06-26 14:08:50.047139,2026-06-26 14:09:58.999583,,,,chat,,False,False,False,1,8,46,
a1046545-0d91-4ccf-911e-71e84ca57474,2026-06-26 14:12:45.131117,2026-06-26 14:12:45.131120,True,warm,False,2026-06-26 14:12:45.129746,,,,,vignette,,False,False,False,0,0,0,
18a38aad-14c9-42b8-84eb-d2b86ae54dcc,2026-06-26 14:13:04.263066,2026-06-26 14:13:04.263070,True,competent,False,2026-06-26 14:13:04.247915,,,,,vignette,,False,False,False,0,0,0,
1f2406ba-04bd-403c-859f-fc89c693f66e,2026-06-30 09:50:20.201415,2026-06-30 09:50:20.201416,True,warm,False,2026-06-30 09:50:20.200851,,,,,vignette,,False,False,False,0,0,0,
0f8919d3-b488-46eb-b177-9bf6944a3a5f,2026-06-26 17:19:10.927968,2026-06-26 17:26:54.746448,True,competent,False,2026-06-26 17:19:10.927292,2026-06-26 17:20:08.594786,,,,chat,,False,False,False,5,116,239,
b1a48624-da36-4f39-b838-85a7b5a1e84b,2026-06-30 07:24:18.145110,2026-06-30 07:27:09.106783,True,warm,False,2026-06-30 07:24:18.129763,2026-06-30 07:25:46.942897,2026-06-30 07:26:41.793891,,2026-06-30 07:27:09.105772,completed,,True,True,True,3,64,119,21.33
3b6cdd0f-7e9c-425a-af1a-866ff3d8008e,2026-06-30 07:15:17.221062,2026-06-30 07:16:14.535759,True,warm,False,2026-06-30 07:15:17.209954,2026-06-30 07:15:24.715944,2026-06-30 07:15:53.776556,,2026-06-30 07:16:14.534995,completed,,True,True,True,3,69,134,23.0
931ebd30-4d2d-416f-b6f1-bc51e624e180,2026-06-26 14:13:34.386020,2026-06-26 14:15:36.751588,True,warm,False,2026-06-26 14:13:34.385191,2026-06-26 14:14:25.880612,,,,chat,,False,False,False,3,23,85,
803b381a-e1ed-4e4e-8daf-018421b6933d,2026-06-29 16:19:05.473003,2026-06-29 16:19:51.675761,True,warm,False,2026-06-29 16:19:05.460979,2026-06-29 16:19:20.345663,2026-06-29 16:19:51.674497,,,questionnaire,,True,False,False,3,10,74,
25c45619-ad77-4fe3-aafa-baa0ffebdbe6,2026-06-29 15:36:19.452326,2026-06-29 15:37:59.475809,True,competent,False,2026-06-29 15:36:19.451091,2026-06-29 15:36:56.932756,2026-06-29 15:37:42.895393,,2026-06-29 15:37:59.473218,completed,,True,True,True,3,22,83,7.33
ca6b4b19-9bf6-431d-9ff6-e17e2ae6d56a,2026-06-29 15:41:24.384715,2026-06-29 15:41:24.384718,True,competent,False,2026-06-29 15:41:24.374682,,,,,vignette,,False,False,False,0,0,0,
65e9498e-a6de-4979-90ce-43df79457b1c,2026-06-29 15:41:37.534787,2026-06-29 15:41:37.534789,True,competent,False,2026-06-29 15:41:37.524650,,,,,vignette,,False,False,False,0,0,0,
7fb77e05-3a81-4260-a91b-948ad5aca1f3,2026-06-29 15:44:12.593213,2026-06-29 15:44:12.593216,True,competent,False,2026-06-29 15:44:12.583785,,,,,vignette,,False,False,False,0,0,0,
5e97b028-015a-4fd3-b201-682323e79ab5,2026-06-29 15:28:12.505596,2026-06-29 15:31:38.427753,True,warm,False,2026-06-29 15:28:12.504712,2026-06-29 15:28:23.363967,2026-06-29 15:28:54.705451,,2026-06-29 15:31:38.426691,completed,,True,True,True,3,3,64,1.0
50fc8f68-cdf3-4461-9707-9aa16c4fccca,2026-06-29 15:06:57.343639,2026-06-29 15:07:59.048163,True,warm,False,2026-06-29 15:06:57.338045,2026-06-29 15:07:07.543448,2026-06-29 15:07:35.494578,,2026-06-29 15:07:59.047033,completed,,True,True,True,3,14,114,4.67
9cebd347-3f06-4c78-a047-18917118324e,2026-06-26 14:16:46.117891,2026-06-26 14:18:03.326568,True,warm,False,2026-06-26 14:16:46.117113,2026-06-26 14:16:57.825542,,,,chat,,False,False,False,5,20,139,
97fa6aea-d7e5-4db9-94df-8c6c9b7ef1a9,2026-06-29 15:33:05.275172,2026-06-29 15:33:26.161073,True,competent,False,2026-06-29 15:33:05.273881,2026-06-29 15:33:17.252078,,,,chat,,False,False,False,1,5,38,
604a01d9-b894-4e11-9460-3b806350c443,2026-06-30 07:16:28.562756,2026-06-30 07:16:28.562757,True,competent,False,2026-06-30 07:16:28.561649,,,,,vignette,,False,False,False,0,0,0,
3aa0d065-a6f2-4fc7-bb70-9c9df3b589c1,2026-06-30 07:29:46.585993,2026-06-30 07:29:46.585995,True,competent,False,2026-06-30 07:29:46.584521,,,,,vignette,,False,False,False,0,0,0,
bbd4c004-6d9d-4722-a6f4-b1827f7d38ab,2026-06-29 15:19:02.782870,2026-06-29 15:20:09.165324,True,competent,False,2026-06-29 15:19:02.772652,2026-06-29 15:19:19.209167,2026-06-29 15:19:50.103352,,2026-06-29 15:20:09.164438,completed,,True,True,True,3,16,123,5.33
828c1297-e9c4-4c7b-92f7-a96261ec9c04,2026-06-26 14:21:09.846709,2026-06-26 14:21:59.420756,True,competent,False,2026-06-26 14:21:09.845772,2026-06-26 14:21:17.853428,2026-06-26 14:21:35.277724,,2026-06-26 14:21:59.419372,completed,,True,True,True,3,10,80,3.33
5090a7f4-3191-4758-93a8-d9b8f993246d,2026-06-26 14:59:35.890189,2026-06-26 14:59:35.890191,True,competent,False,2026-06-26 14:59:35.888854,,,,,vignette,,False,False,False,0,0,0,
62f99dab-6021-439a-a9ad-dba5f7030917,2026-06-30 07:08:42.730104,2026-06-30 07:10:40.376203,True,competent,False,2026-06-30 07:08:42.728346,2026-06-30 07:09:47.222424,2026-06-30 07:10:40.374923,,,questionnaire,,True,False,False,3,73,155,
8c009ff3-c17c-472d-8392-166893f81391,2026-06-30 07:35:10.149943,2026-06-30 07:36:00.663010,True,competent,False,2026-06-30 07:35:10.139974,2026-06-30 07:35:24.737210,,,,chat,,False,False,False,2,34,94,
54d67679-2b33-4a6c-ac1e-fbff2cfac61c,2026-06-29 15:51:38.080717,2026-06-29 15:54:01.735381,True,warm,False,2026-06-29 15:51:38.071119,2026-06-29 15:52:59.624131,2026-06-29 15:53:49.883819,,2026-06-29 15:54:01.734420,completed,,True,True,True,3,27,101,9.0
c9d18db3-e8b9-4eb6-bfba-33290959f24c,2026-06-29 15:57:49.468115,2026-06-29 15:57:49.468118,True,competent,False,2026-06-29 15:57:49.458087,,,,,vignette,,False,False,False,0,0,0,
b0b2bae4-1a8a-4488-9eb3-9e966a6d5b54,2026-06-29 15:58:18.636759,2026-06-29 15:58:18.636761,True,competent,False,2026-06-29 15:58:18.626323,,,,,vignette,,False,False,False,0,0,0,
e0ee2095-66a1-420c-beaa-c50ed094e1f6,2026-06-29 15:33:39.420960,2026-06-29 15:35:00.181813,True,competent,False,2026-06-29 15:33:39.420307,2026-06-29 15:34:27.216365,2026-06-29 15:35:00.181030,,,questionnaire,,True,False,False,3,7,96,
59cc7480-f265-42c4-a0dc-c20c5e0cd13d,2026-06-29 15:36:11.760602,2026-06-29 15:36:11.760605,True,warm,False,2026-06-29 15:36:11.736396,,,,,vignette,,False,False,False,0,0,0,
f4bde610-aabe-4cd1-b9f5-eb7250f46db4,2026-06-29 15:58:23.157534,2026-06-29 15:58:23.157537,True,competent,False,2026-06-29 15:58:23.146563,,,,,vignette,,False,False,False,0,0,0,
594ddf67-415d-4c77-b61f-dcf1f0787a04,2026-06-29 16:18:42.375205,2026-06-29 16:18:42.375208,True,competent,False,2026-06-29 16:18:42.363259,,,,,vignette,,False,False,False,0,0,0,
d5bdfd29-f3a4-4524-a596-8dea3dea43e8,2026-06-30 06:57:38.561667,2026-06-30 06:59:12.753703,True,competent,False,2026-06-30 06:57:38.558777,2026-06-30 06:57:56.641754,2026-06-30 06:59:12.752929,,,questionnaire,,True,False,False,3,38,129,
f6b89698-e1f1-4512-8c44-67d803a2d3ef,2026-06-30 07:30:50.030069,2026-06-30 07:31:26.832496,True,competent,False,2026-06-30 07:30:50.029315,2026-06-30 07:31:12.301427,,,,chat,,False,False,False,1,21,55,
e8f8bc79-ff3b-41e0-9f3c-f30913e3a33b,2026-06-30 09:51:40.274142,2026-06-30 09:51:40.274143,True,warm,False,2026-06-30 09:51:40.273218,,,,,vignette,,False,False,False,0,0,0,
753dbd45-9a45-4f11-9a21-121b3caeddfe,2026-06-30 09:47:43.223642,2026-06-30 09:52:02.553491,True,warm,False,2026-06-30 09:47:43.222567,2026-06-30 09:49:36.887392,2026-06-30 09:50:33.845260,,2026-06-30 09:52:02.552963,completed,,True,True,True,3,43,111,14.33
a777cb65-3f2a-4e29-a102-12d73f179487,2026-06-30 10:05:07.977943,2026-06-30 10:05:07.977944,True,warm,False,2026-06-30 10:05:07.977478,,,,,vignette,,False,False,False,0,0,0,
3c16e7ce-3111-4d0e-bc00-3d9a342d28ff,2026-06-30 10:07:51.471610,2026-06-30 10:07:51.471613,True,competent,False,2026-06-30 10:07:51.470723,,,,,vignette,,False,False,False,0,0,0,
8b349fa9-b749-4d0e-ae4a-9e26288cb6e7,2026-06-30 10:09:33.031348,2026-06-30 10:09:33.031350,True,competent,False,2026-06-30 10:09:33.029639,,,,,vignette,,False,False,False,0,0,0,
9c176e96-f997-4188-a603-1fc8b0771213,2026-06-30 10:10:46.708071,2026-06-30 10:10:46.708072,True,warm,False,2026-06-30 10:10:46.707557,,,,,vignette,,False,False,False,0,0,0,
7dfaf253-febc-472e-a508-02ec7e1f11f7,2026-06-30 10:10:05.388082,2026-06-30 10:13:48.187280,True,warm,False,2026-06-30 10:10:05.386581,2026-06-30 10:10:38.211876,,,,chat,,False,False,False,5,110,185,
8c0b617f-34f7-4244-8f52-854e12f9cbfd,2026-06-30 10:14:57.377321,2026-06-30 10:15:07.788574,True,warm,False,2026-06-30 10:14:57.376483,2026-06-30 10:15:04.952453,,,,chat,,False,False,False,1,132,49,
27198b4d-7c72-410a-aa43-9b67a37a81d7,2026-07-28 14:36:55.947005,2026-07-28 14:39:16.375909,True,warm,False,2026-07-28 14:36:55.946605,2026-07-28 14:37:31.253210,,,,chat,,False,False,False,5,54,187,
862feeb6-f763-4f85-9ce3-2c82638ad4ea,2026-07-28 14:22:21.798887,2026-07-28 14:24:17.064977,True,competent,False,2026-07-28 14:22:21.798450,2026-07-28 14:22:30.230799,2026-07-28 14:23:09.111125,,2026-07-28 14:24:17.063258,completed,,True,True,True,3,112,131,37.33
b4dd996e-3c86-40e6-a62a-f672f6702d96,2026-06-30 10:17:13.344681,2026-06-30 10:19:23.723429,True,warm,False,2026-06-30 10:17:13.344218,2026-06-30 10:17:32.249016,2026-06-30 10:18:06.644413,,2026-06-30 10:19:23.722101,completed,,True,True,True,3,29,109,9.67
18bc7cd2-4e93-4d60-af5f-2f1bd6387740,2026-06-30 10:38:11.088969,2026-06-30 10:38:11.088970,True,competent,False,2026-06-30 10:38:11.088553,,,,,vignette,,False,False,False,0,0,0,
493a4751-6411-414b-b7dd-2b6571d4e0b6,2026-07-31 21:02:23.593876,2026-07-31 21:02:52.422063,True,competent,True,2026-07-31 21:02:23.593229,2026-07-31 21:02:27.097401,,,,chat,,False,False,False,4,559,179,
ca5926f9-43f8-4d09-997a-18141b6b9726,2026-07-31 14:23:15.145290,2026-07-31 14:27:00.501085,True,competent,False,2026-07-31 14:23:15.144668,2026-07-31 14:25:32.399346,2026-07-31 14:26:07.812386,,2026-07-31 14:27:00.500608,completed,,True,True,True,3,30,94,10.0
b9f6bd4e-6c84-4a2c-9d12-9a7ae93e3f18,2026-07-31 14:27:07.258020,2026-07-31 14:27:07.258022,True,warm,False,2026-07-31 14:27:07.257594,,,,,vignette,,False,False,False,0,0,0,
19f579f0-1551-44d7-9248-778a3dfdc52f,2026-06-30 10:44:04.965773,2026-06-30 10:47:08.867671,True,warm,False,2026-06-30 10:44:04.965339,2026-06-30 10:45:09.324997,2026-06-30 10:46:04.207464,,2026-06-30 10:47:08.867164,completed,,True,True,True,3,51,97,17.0
b01fc5f2-37c0-492d-96f7-769e9b8d2654,2026-06-30 11:34:15.049731,2026-06-30 11:34:15.049733,True,warm,False,2026-06-30 11:34:15.049350,,,,,vignette,,False,False,False,0,0,0,
042d94eb-3157-4492-a141-080daeaa683b,2026-06-30 12:07:08.530560,2026-06-30 12:07:08.530562,True,warm,False,2026-06-30 12:07:08.528963,,,,,vignette,,False,False,False,0,0,0,
dbf6a66d-6450-4604-864b-3a8caa97729a,2026-07-01 07:55:54.810096,2026-07-01 08:03:38.267944,True,competent,False,2026-07-01 07:55:54.809701,2026-07-01 07:59:00.073460,2026-07-01 08:01:59.686160,,2026-07-01 08:03:38.267485,completed,,True,True,True,4,72,149,18.0
151cc279-0b9f-431b-a0a8-7d159c88ec73,2026-07-31 20:02:57.711688,2026-07-31 20:04:13.727948,True,warm,False,2026-07-31 20:02:57.711291,2026-07-31 20:03:08.251827,2026-07-31 20:03:29.321307,,2026-07-31 20:04:13.727468,completed,,True,True,True,4,34,156,8.5
1598ce97-90c2-4c25-93bd-b968469bec20,2026-07-28 14:48:02.363303,2026-07-28 14:48:31.573527,True,competent,False,2026-07-28 14:48:02.362803,2026-07-28 14:48:07.275991,2026-07-28 14:48:31.573196,,,questionnaire,,True,False,False,3,110,130,
86f3c723-7d51-4fbb-b10c-3da681b91720,2026-07-28 14:24:25.146936,2026-07-28 14:26:43.027065,True,competent,False,2026-07-28 14:24:25.146493,2026-07-28 14:24:58.684684,2026-07-28 14:25:50.308960,,2026-07-28 14:26:43.026107,completed,,True,True,True,3,70,107,23.33
fd8f1b98-6cc5-4eff-aa51-37869cc4daf1,2026-07-28 14:53:58.819959,2026-07-28 14:53:58.819962,True,competent,False,2026-07-28 14:53:58.819390,,,,,vignette,,False,False,False,0,0,0,
3b1df1b7-c78e-4583-bc50-88243f2abbf8,2026-07-28 14:41:20.612708,2026-07-28 14:43:22.480701,True,warm,False,2026-07-28 14:41:20.611876,2026-07-28 14:41:47.669283,2026-07-28 14:43:00.485172,,2026-07-28 14:43:22.480129,completed,,True,True,True,4,43,148,10.75
c7b79450-6e6e-4ddd-86ac-ed7acf6b67c5,2026-06-30 12:14:38.409409,2026-06-30 12:24:43.019009,True,warm,False,2026-06-30 12:14:38.408978,2026-06-30 12:20:06.169661,,,,chat,,False,False,False,5,157,192,
cc901a08-e088-4387-8339-fef45e793141,2026-06-30 14:53:44.121017,2026-06-30 14:53:44.121018,True,warm,False,2026-06-30 14:53:44.120286,,,,,vignette,,False,False,False,0,0,0,
d890fb02-ec22-499a-8b0e-adc82aab24f8,2026-07-02 06:52:02.377248,2026-07-02 06:55:30.988132,True,warm,False,2026-07-02 06:52:02.376783,2026-07-02 06:53:10.705971,2026-07-02 06:54:38.166727,,2026-07-02 06:55:30.987080,completed,,True,True,True,3,52,133,17.33
9cfac893-1e07-4a6a-b700-2cf89b9409f3,2026-07-31 21:07:42.071463,2026-07-31 21:08:12.684698,True,warm,True,2026-07-31 21:07:42.070699,2026-07-31 21:07:45.669285,,,,chat,,False,False,False,4,728,216,
b2053313-74f2-4f49-81eb-dc63b7f4bd1c,2026-07-31 20:17:08.557213,2026-07-31 20:18:41.533326,True,warm,False,2026-07-31 20:17:08.556577,2026-07-31 20:17:47.091995,2026-07-31 20:18:12.294402,,2026-07-31 20:18:41.532791,completed,,True,True,True,3,32,114,10.67
a1d0c133-b9d9-4667-92a1-5418166f19bb,2026-07-31 21:00:35.828664,2026-07-31 21:00:35.828666,True,competent,True,2026-07-31 21:00:35.827666,,,,,vignette,,False,False,False,0,0,0,
f106d1a1-ad15-4dc3-824c-dd308950b0cd,2026-07-31 21:00:39.487359,2026-07-31 21:00:39.487362,True,competent,True,2026-07-31 21:00:39.486630,,,,,vignette,,False,False,False,0,0,0,
8b503172-ac80-4438-b77b-8fd8c608164a,2026-07-28 14:27:18.010584,2026-07-28 14:30:09.736113,True,warm,False,2026-07-28 14:27:18.010163,2026-07-28 14:28:07.043332,2026-07-28 14:29:14.394668,,2026-07-28 14:30:09.735594,completed,,True,True,True,3,69,124,23.0
75107c31-64c0-4d20-bf77-d0aa91f084ac,2026-06-30 14:59:20.601801,2026-06-30 15:05:08.633804,True,competent,False,2026-06-30 14:59:20.601349,2026-06-30 15:00:28.244177,,,,chat,,False,False,False,5,174,194,
e1ebb31e-7dd3-4a56-a802-6e34628487cc,2026-07-31 21:00:45.597135,2026-07-31 21:00:45.597137,True,competent,True,2026-07-31 21:00:45.594848,,,,,vignette,,False,False,False,0,0,0,
26a5cf0a-ce97-437d-ab2a-8d950c8d38ec,2026-07-31 19:51:14.288784,2026-07-31 20:01:50.969283,True,competent,False,2026-07-31 19:51:14.288331,2026-07-31 20:00:26.726613,2026-07-31 20:00:56.180019,,2026-07-31 20:01:50.968722,completed,,True,True,True,3,39,109,13.0
bbe4c79f-1936-4937-8478-74e40a271ee1,2026-07-28 14:18:41.114912,2026-07-28 14:22:09.337533,True,warm,False,2026-07-28 14:18:41.113662,2026-07-28 14:18:46.525109,2026-07-28 14:21:12.776721,,2026-07-28 14:22:09.336738,completed,,True,True,True,4,148,182,37.0
803ddb9e-6aeb-4052-9ace-4bc69d2e4afb,2026-07-28 14:44:01.162051,2026-07-28 14:45:32.539070,True,competent,False,2026-07-28 14:44:01.161279,2026-07-28 14:44:22.932392,2026-07-28 14:45:11.413591,,2026-07-28 14:45:32.538455,completed,,True,True,True,3,32,93,10.67
d6938eca-8423-48d9-9ccd-ebcb9f0264a0,2026-06-30 19:02:48.761274,2026-06-30 19:09:47.648194,True,warm,False,2026-06-30 19:02:48.760768,2026-06-30 19:06:35.995878,2026-06-30 19:08:28.086847,,2026-06-30 19:09:47.647305,completed,,True,True,True,3,87,125,29.0
e9690cae-240f-422c-b393-184d7aac1153,2026-07-31 21:02:54.423336,2026-07-31 21:03:03.229447,True,competent,True,2026-07-31 21:02:54.422682,2026-07-31 21:02:59.833511,,,,chat,,False,False,False,1,227,53,
8c211eb2-7cd7-40f8-a29b-bf18d6f13f49,2026-07-30 09:27:34.597257,2026-07-30 09:33:31.885873,True,warm,False,2026-07-30 09:27:34.595816,2026-07-30 09:28:39.061489,2026-07-30 09:31:29.516921,,2026-07-30 09:33:31.885346,completed,,True,True,True,4,76,154,19.0
0b3ec3ae-e8da-4423-ba56-50c784ce9e1d,2026-07-31 20:05:31.312591,2026-07-31 20:06:46.109682,True,warm,False,2026-07-31 20:05:31.312167,2026-07-31 20:05:39.157031,2026-07-31 20:06:17.880921,,2026-07-31 20:06:46.109206,completed,,True,True,True,3,34,107,11.33
b53eef0f-8fd3-4711-aa95-8aa64b4a1e81,2026-07-31 20:07:15.500985,2026-07-31 20:07:15.500987,True,competent,False,2026-07-31 20:07:15.500488,,,,,vignette,,False,False,False,0,0,0,
67968cb5-7cd0-43a2-bbe0-39e5a4db5d99,2026-07-28 14:45:39.583833,2026-07-28 14:46:58.006073,True,competent,False,2026-07-28 14:45:39.583307,2026-07-28 14:46:15.010031,,,,chat,,False,False,False,3,38,113,
653cd07a-fcc1-4fb8-a41d-deddf60bcc64,2026-07-28 14:47:10.196768,2026-07-28 14:47:10.196770,True,warm,False,2026-07-28 14:47:10.196278,,,,,vignette,,False,False,False,0,0,0,
bc997db2-2943-41fb-8c5b-011c32b6719d,2026-07-31 21:05:42.718542,2026-07-31 21:06:09.388162,True,competent,True,2026-07-31 21:05:42.717887,2026-07-31 21:05:46.908520,,,,chat,,False,False,False,4,644,219,
88247c90-f6e1-4819-8570-3af4f238b39e,2026-07-31 21:06:11.880684,2026-07-31 21:06:51.433103,True,competent,True,2026-07-31 21:06:11.880049,2026-07-31 21:06:19.026752,,,,chat,,False,False,False,4,1048,222,
8c8cd18e-81ed-4f98-89ff-12166c31bd5b,2026-07-31 21:06:53.961474,2026-07-31 21:06:53.961476,True,competent,True,2026-07-31 21:06:53.960874,,,,,vignette,,False,False,False,0,0,0,
9a885d2f-cd0b-4e81-8b05-ee7b7c805b94,2026-07-31 21:09:50.747288,2026-07-31 21:09:50.747290,True,competent,True,2026-07-31 21:09:50.746658,,,,,vignette,,False,False,False,0,0,0,
86f937af-781c-4be9-aa11-1241cd046b5d,2026-07-31 21:07:03.443857,2026-07-31 21:07:39.299901,True,warm,True,2026-07-31 21:07:03.443155,2026-07-31 21:07:08.669921,,,,chat,,False,False,False,4,1006,216,
a68b0efd-bb80-442c-94da-979ab3576400,2026-07-31 21:10:00.704130,2026-07-31 21:10:00.704132,True,competent,True,2026-07-31 21:10:00.703389,,,,,vignette,,False,False,False,0,0,0,
2be67250-4eae-45e8-ada9-ed828f59a438,2026-07-31 21:08:49.182866,2026-07-31 21:09:26.622667,True,warm,True,2026-07-31 21:08:49.182233,2026-07-31 21:08:54.966726,,,,chat,,False,False,False,4,1002,219,
579fb388-340e-4e45-a898-0caea91cd93a,2026-07-31 21:09:30.406701,2026-07-31 21:09:30.406703,True,competent,True,2026-07-31 21:09:30.406055,,,,,vignette,,False,False,False,0,0,0,
4581efc3-ded5-41fb-a2d9-2a117fef8b13,2026-07-31 21:08:16.704658,2026-07-31 21:08:46.150132,True,warm,True,2026-07-31 21:08:16.704012,2026-07-31 21:08:20.424028,,,,chat,,False,False,False,4,648,197,
33190797-8c29-4915-93ed-702172def9a6,2026-07-31 21:09:41.126825,2026-07-31 21:09:41.126826,True,warm,True,2026-07-31 21:09:41.126294,,,,,vignette,,False,False,False,0,0,0,
771d35b1-240f-40fe-a2cb-f264ad8f8263,2026-07-31 21:10:12.059101,2026-07-31 21:10:53.203177,True,warm,True,2026-07-31 21:10:12.058483,2026-07-31 21:10:20.330816,,,,chat,,False,False,False,4,1009,256,
5a403a70-8251-430e-b28d-3c2c8fbc7423,2026-07-31 21:10:56.275549,2026-07-31 21:11:35.943267,True,competent,True,2026-07-31 21:10:56.274888,2026-07-31 21:11:02.328485,,,,chat,,False,False,False,4,1053,215,
06eb31a6-dd8b-414f-aaf2-3cbfe9a3b959,2026-07-31 21:11:38.558845,2026-07-31 21:12:06.776242,True,competent,True,2026-07-31 21:11:38.558012,2026-07-31 21:11:42.029674,,,,chat,,False,False,False,4,661,210,
dfacc781-4134-407b-938b-f62e2cfa4af2,2026-07-31 21:40:05.728004,2026-07-31 21:40:29.504153,True,warm,True,2026-07-31 21:40:05.727323,2026-07-31 21:40:08.845573,,,,chat,,False,False,False,4,646,209,
9ee250e9-ac25-410c-99b8-3178e0a2d587,2026-07-31 21:44:45.721613,2026-07-31 21:44:45.721615,True,warm,True,2026-07-31 21:44:45.720917,,,,,vignette,,False,False,False,0,0,0,
f221d986-06aa-41c2-a0ff-14bacf5aede0,2026-08-01 08:05:05.834506,2026-08-01 08:05:51.779851,True,competent,True,2026-08-01 08:05:05.833973,2026-08-01 08:05:13.567365,,,,chat,,False,False,False,4,956,187,
5b79dd77-8c09-47b8-9943-173b053810bb,2026-08-01 08:26:43.120190,2026-08-01 08:27:24.905470,True,warm,True,2026-08-01 08:26:43.119588,2026-08-01 08:26:50.234762,,,,chat,,False,False,False,4,1001,236,
a10b9267-8b57-45c0-a5ca-9b4947134311,2026-07-31 21:12:09.849871,2026-07-31 21:12:47.598049,True,competent,True,2026-07-31 21:12:09.849259,2026-07-31 21:12:15.472991,,,,chat,,False,False,False,4,991,195,
b16b1c87-5ff0-4734-896f-12294b6922f2,2026-07-31 21:40:31.982534,2026-07-31 21:40:54.855862,True,competent,True,2026-07-31 21:40:31.981935,2026-07-31 21:40:35.104729,,,,chat,,False,False,False,4,687,202,
21e72114-8f3c-4b81-8f2a-8a22e71ac614,2026-07-31 21:47:06.688345,2026-07-31 21:47:32.262064,True,competent,True,2026-07-31 21:47:06.687855,2026-07-31 21:47:10.578892,,,,chat,,False,False,False,4,756,195,
6b62c0ea-b4d9-4b27-937c-38400be8070f,2026-08-01 08:01:47.464518,2026-08-01 08:02:32.233375,True,competent,True,2026-08-01 08:01:47.463462,2026-08-01 08:01:54.873244,,,,chat,,False,False,False,4,996,256,
3f288dc9-4d46-45c3-bf9c-4908dcd74c28,2026-07-31 21:12:50.377234,2026-07-31 21:13:14.213365,True,competent,True,2026-07-31 21:12:50.376686,2026-07-31 21:12:53.787651,,,,chat,,False,False,False,4,759,215,
35089735-4a70-4a8d-98e3-ea0a251882ce,2026-07-31 21:41:24.473970,2026-07-31 21:41:58.770804,True,warm,True,2026-07-31 21:41:24.473367,2026-07-31 21:41:29.101586,,,,chat,,False,False,False,4,943,217,
36c6b4b4-fd37-439f-8b4e-c5c4993b5412,2026-07-31 22:21:18.810864,2026-07-31 22:21:56.533258,True,competent,True,2026-07-31 22:21:18.810170,2026-07-31 22:21:28.297551,,,,chat,,False,False,False,3,799,166,
88c03654-699e-4e8b-8b2c-f158cc70f72d,2026-08-01 08:10:43.507023,2026-08-01 08:11:28.421855,True,warm,True,2026-08-01 08:10:43.506448,2026-08-01 08:10:51.403163,,,,chat,,False,False,False,4,1025,211,
219da02f-f5e4-44cf-aae1-c87680d059d0,2026-08-02 17:48:47.435534,2026-08-02 17:49:56.758565,True,warm,False,2026-08-02 17:48:47.435123,2026-08-02 17:49:13.502874,2026-08-02 17:49:28.499308,,2026-08-02 17:49:56.757887,completed,,True,True,True,3,54,77,18.0
28e7d489-525c-4583-a1ec-5a1c5a664ecd,2026-08-01 08:05:55.588135,2026-08-01 08:06:41.825444,True,warm,True,2026-08-01 08:05:55.587533,2026-08-01 08:06:05.056042,,,,chat,,False,False,False,4,997,234,
f50e3b82-ad7a-437f-bff4-7e8027358095,2026-07-31 21:44:53.925608,2026-07-31 21:45:18.313331,True,warm,True,2026-07-31 21:44:53.925010,2026-07-31 21:44:57.886317,,,,chat,,False,False,False,4,701,178,
bd3fce0a-ab4d-4b5c-af63-0024f291f1f1,2026-08-01 08:32:22.756435,2026-08-01 08:33:07.023614,True,warm,True,2026-08-01 08:32:22.755831,2026-08-01 08:32:29.377059,,,,chat,,False,False,False,4,958,225,
69337471-178a-4243-8c88-659efcdb90cc,2026-08-01 08:02:36.111910,2026-08-01 08:03:24.810365,True,warm,True,2026-08-01 08:02:36.111383,2026-08-01 08:02:45.031109,,,,chat,,False,False,False,4,1040,215,
f2942262-acdd-483a-8b7e-b7619681e5bc,2026-07-31 22:23:15.401156,2026-07-31 22:24:00.655194,True,warm,True,2026-07-31 22:23:15.400508,2026-07-31 22:23:24.405735,,,,chat,,False,False,False,4,958,229,
38075e23-6dc1-4609-b02a-92fc906ac141,2026-08-01 08:21:09.829012,2026-08-01 08:21:57.133286,True,competent,True,2026-08-01 08:21:09.828293,2026-08-01 08:21:17.865026,,,,chat,,False,False,False,4,1029,221,
34c09bd1-99c2-41e6-8e42-e64787c3954e,2026-07-31 21:45:25.234486,2026-07-31 21:45:50.587364,True,warm,True,2026-07-31 21:45:25.233995,2026-07-31 21:45:29.874790,,,,chat,,False,False,False,4,658,214,
1f6072a0-cc34-43ee-b502-f155df8b3968,2026-08-02 10:45:05.526763,2026-08-02 10:45:05.526765,True,warm,False,2026-08-02 10:45:05.526242,,,,,vignette,,False,False,False,0,0,0,
f455bdcc-9bca-407f-a283-9c4dfcc89954,2026-07-31 22:24:04.072201,2026-07-31 22:24:39.193446,True,warm,True,2026-07-31 22:24:04.071533,2026-07-31 22:24:12.397758,,,,chat,,False,False,False,3,753,165,
224f7629-9ae2-4f46-935d-e14fc702c5e8,2026-08-01 07:55:23.306663,2026-08-01 07:55:23.306665,True,competent,True,2026-08-01 07:55:23.306063,,,,,vignette,,False,False,False,0,0,0,
a2658277-726b-4a2e-854d-9805873a2a62,2026-08-01 08:29:08.639130,2026-08-01 08:29:52.508936,True,warm,True,2026-08-01 08:29:08.638447,2026-08-01 08:29:16.892013,,,,chat,,False,False,False,4,1032,221,
dd07ad4b-dd85-4a68-952d-a5fa4d90a9be,2026-08-01 08:15:33.603742,2026-08-01 08:16:17.514895,True,competent,True,2026-08-01 08:15:33.602794,2026-08-01 08:15:42.643906,,,,chat,,False,False,False,4,1028,205,
c5054450-cd99-4874-8e6e-fc5bf8aa6098,2026-08-01 08:07:32.512143,2026-08-01 08:08:18.088886,True,warm,True,2026-08-01 08:07:32.511517,2026-08-01 08:07:40.364268,,,,chat,,False,False,False,4,982,259,
9b4ed84b-372a-45fb-b661-585e63465b3f,2026-08-01 08:03:28.196051,2026-08-01 08:04:11.529091,True,competent,True,2026-08-01 08:03:28.195441,2026-08-01 08:03:36.272521,,,,chat,,False,False,False,4,1053,222,
a8da78f2-eb97-4051-b06b-cdf98832af50,2026-08-01 07:56:54.579387,2026-08-01 07:57:42.289488,True,competent,True,2026-08-01 07:56:54.578745,2026-08-01 07:57:03.887481,,,,chat,,False,False,False,4,1018,195,
800bfc6c-6801-41a4-b918-5e0b2d86a8f5,2026-08-02 18:01:43.183862,2026-08-02 18:02:51.582811,True,warm,False,2026-08-02 18:01:43.183309,2026-08-02 18:01:53.883227,2026-08-02 18:02:13.849587,,2026-08-02 18:02:51.582351,completed,,True,True,True,3,56,133,18.67
0cdb2b79-a811-4775-aceb-935be718eb72,2026-08-02 17:53:50.119666,2026-08-02 17:53:56.566530,True,competent,False,2026-08-02 17:53:50.119243,2026-08-02 17:53:55.432194,,,,chat,,False,False,False,1,2,18,
18a6c8bc-8951-41fb-83c3-682ad8625059,2026-08-01 08:25:56.727281,2026-08-01 08:26:40.004224,True,competent,True,2026-08-01 08:25:56.726629,2026-08-01 08:26:04.972450,,,,chat,,False,False,False,4,1003,213,
c33a1f76-f781-4dec-b964-2067e3258b0e,2026-08-01 08:16:20.989933,2026-08-01 08:17:03.053832,True,competent,True,2026-08-01 08:16:20.989295,2026-08-01 08:16:28.808719,,,,chat,,False,False,False,4,1060,193,
b108a460-7032-4727-b201-70549d97dcbe,2026-08-01 08:09:57.714832,2026-08-01 08:10:40.713710,True,warm,True,2026-08-01 08:09:57.714230,2026-08-01 08:10:06.211771,,,,chat,,False,False,False,4,1034,233,
8d503338-0184-4e36-85e9-600c6b8b49f2,2026-08-02 17:01:16.071464,2026-08-02 17:02:20.206233,True,competent,False,2026-08-02 17:01:16.071019,2026-08-02 17:01:26.936140,2026-08-02 17:01:43.598652,,2026-08-02 17:02:20.205726,completed,,True,True,True,3,57,103,19.0
1893330e-8225-4f78-a343-9e264acc4a70,2026-08-01 08:31:29.504647,2026-08-01 08:32:19.317555,True,warm,True,2026-08-01 08:31:29.504017,2026-08-01 08:31:39.620864,,,,chat,,False,False,False,4,1006,204,
075d21f5-56d8-41f7-9646-5c8aba79c0ec,2026-08-02 18:00:38.838032,2026-08-02 18:01:31.520742,True,competent,False,2026-08-02 18:00:38.837575,2026-08-02 18:00:44.525342,2026-08-02 18:01:01.381735,,2026-08-02 18:01:31.520138,completed,,True,True,True,3,60,139,20.0
9a142f2a-dae7-40bf-9635-4fa6dfa96086,2026-08-02 17:54:05.145711,2026-08-02 17:55:23.650274,True,warm,False,2026-08-02 17:54:05.145302,2026-08-02 17:54:15.539422,2026-08-02 17:54:39.125336,,2026-08-02 17:55:23.649646,completed,,True,True,True,3,47,112,15.67
90805bae-71e9-4611-8034-b6dae400f92b,2026-07-31 21:27:31.548059,2026-07-31 21:27:54.522801,True,warm,True,2026-07-31 21:27:31.547188,2026-07-31 21:27:34.740796,,,,chat,,False,False,False,4,689,202,
3c8ec878-652f-4228-aaa1-bc0bc38fae17,2026-07-31 21:21:22.504651,2026-07-31 21:21:48.954120,True,competent,True,2026-07-31 21:21:22.504020,2026-07-31 21:21:25.379378,,,,chat,,False,False,False,4,739,225,
0d6ba3f9-eaca-4b89-9fed-959cc1763577,2026-07-31 21:18:02.762473,2026-07-31 21:18:36.995831,True,warm,True,2026-07-31 21:18:02.761946,2026-07-31 21:18:07.762116,,,,chat,,False,False,False,4,1009,231,
497faf08-04b0-4af8-bc76-884fbbde7f38,2026-07-31 21:13:16.457587,2026-07-31 21:13:51.295823,True,competent,True,2026-07-31 21:13:16.456976,2026-07-31 21:13:21.299825,,,,chat,,False,False,False,4,1016,208,
9bf0efae-d7c5-4535-b54b-7fb2c9d8392b,2026-07-31 21:16:07.604624,2026-07-31 21:16:29.939169,True,warm,True,2026-07-31 21:16:07.604028,2026-07-31 21:16:10.296005,,,,chat,,False,False,False,4,577,180,
2b9a34ab-a156-41dd-857d-4889ac50647a,2026-07-31 21:23:10.194950,2026-07-31 21:23:33.530472,True,warm,True,2026-07-31 21:23:10.194423,2026-07-31 21:23:13.121088,,,,chat,,False,False,False,4,635,208,
0bc37e93-2234-434a-9819-c053f4fe17a8,2026-07-31 21:23:35.727613,2026-07-31 21:23:35.727615,True,warm,True,2026-07-31 21:23:35.726940,,,,,vignette,,False,False,False,0,0,0,
f60fbfc0-68c2-4914-bec6-b25b0cb80413,2026-07-31 21:20:05.965062,2026-07-31 21:20:30.271816,True,warm,True,2026-07-31 21:20:05.964378,2026-07-31 21:20:09.730147,,,,chat,,False,False,False,4,696,196,
476e62e4-fabd-4fa9-aedd-87f7bdd83b8e,2026-07-31 21:13:54.448192,2026-07-31 21:14:20.445888,True,warm,True,2026-07-31 21:13:54.447538,2026-07-31 21:13:57.611320,,,,chat,,False,False,False,4,674,179,
47659527-16ee-4a3c-b8f0-c4929683488e,2026-07-31 21:14:22.368131,2026-07-31 21:14:22.368132,True,competent,True,2026-07-31 21:14:22.367613,,,,,vignette,,False,False,False,0,0,0,
b67d10c5-d150-4012-a1bf-55dbeb191271,2026-07-31 21:31:56.759061,2026-07-31 21:31:56.759063,True,warm,True,2026-07-31 21:31:56.758470,,,,,vignette,,False,False,False,0,0,0,
7a5a4660-e45d-4106-9f44-ec7746eee643,2026-07-31 21:16:31.789435,2026-07-31 21:16:58.057764,True,warm,True,2026-07-31 21:16:31.788840,2026-07-31 21:16:34.844821,,,,chat,,False,False,False,4,690,217,
a7c2abda-3272-4543-aa08-7555128b6950,2026-07-31 21:32:44.933211,2026-07-31 21:32:44.933213,True,competent,True,2026-07-31 21:32:44.932565,,,,,vignette,,False,False,False,0,0,0,
ceb91454-f56b-4dc8-bbd5-c4d3a0895a96,2026-07-31 21:18:39.389672,2026-07-31 21:19:02.773337,True,warm,True,2026-07-31 21:18:39.389086,2026-07-31 21:18:42.497964,,,,chat,,False,False,False,4,680,191,
6ce1d48d-3733-4385-9280-92290e802847,2026-07-31 21:29:33.357965,2026-07-31 21:30:08.685458,True,competent,True,2026-07-31 21:29:33.357326,2026-07-31 21:29:38.473779,,,,chat,,False,False,False,4,988,218,
e5e756bd-07dc-4cbc-9cd6-a1d63f68729c,2026-07-31 21:14:30.741942,2026-07-31 21:14:56.520764,True,warm,True,2026-07-31 21:14:30.741319,2026-07-31 21:14:33.587724,,,,chat,,False,False,False,4,706,215,
0c719c90-45cb-48da-9c6d-bccbd709c356,2026-07-31 21:24:45.071033,2026-07-31 21:25:11.519615,True,competent,True,2026-07-31 21:24:45.070261,2026-07-31 21:24:48.710047,,,,chat,,False,False,False,4,696,189,
19cb95ce-bfba-49a4-a271-7b5168f58203,2026-07-31 21:21:51.194724,2026-07-31 21:22:28.530648,True,competent,True,2026-07-31 21:21:51.193928,2026-07-31 21:21:56.371131,,,,chat,,False,False,False,4,981,195,
59d14ca7-0120-4247-a944-6697c7136c10,2026-07-31 21:20:32.909766,2026-07-31 21:20:55.966261,True,warm,True,2026-07-31 21:20:32.909299,2026-07-31 21:20:36.433140,,,,chat,,False,False,False,4,623,210,
cf664a34-77ed-419b-9c99-ba74684617a1,2026-07-31 21:17:00.458416,2026-07-31 21:17:24.845477,True,competent,True,2026-07-31 21:17:00.457640,2026-07-31 21:17:03.914377,,,,chat,,False,False,False,4,661,183,
c722062b-7111-406b-a14c-4e82739b2ffe,2026-07-31 21:17:27.421107,2026-07-31 21:17:27.421109,True,competent,True,2026-07-31 21:17:27.420598,,,,,vignette,,False,False,False,0,0,0,
a22082b7-aedc-4fb1-a593-1c072e70fb92,2026-07-31 21:14:59.022105,2026-07-31 21:15:37.221041,True,competent,True,2026-07-31 21:14:59.021287,2026-07-31 21:15:04.439400,,,,chat,,False,False,False,4,1066,200,
62417e8b-7dcb-451b-85a5-b8f44f6f0daa,2026-07-31 21:25:14.129059,2026-07-31 21:25:14.129061,True,competent,True,2026-07-31 21:25:14.128396,,,,,vignette,,False,False,False,0,0,0,
b8da1588-8e69-4428-a6fb-b3c45e363895,2026-07-31 21:19:04.754969,2026-07-31 21:19:32.056082,True,competent,True,2026-07-31 21:19:04.754354,2026-07-31 21:19:07.855077,,,,chat,,False,False,False,4,651,185,
1d4bfd64-7677-4409-87da-a54da1d5f388,2026-07-31 21:26:01.271986,2026-07-31 21:26:33.554149,True,warm,True,2026-07-31 21:26:01.271382,2026-07-31 21:26:06.476336,,,,chat,,False,False,False,4,963,248,
bbcd56cf-6829-42b4-97e0-cef2594718a5,2026-07-31 21:23:45.125472,2026-07-31 21:24:07.608551,True,warm,True,2026-07-31 21:23:45.124858,2026-07-31 21:23:47.881239,,,,chat,,False,False,False,4,625,203,
2cce8c84-12d5-41fe-9770-302541b3f376,2026-07-31 21:17:37.004691,2026-07-31 21:18:00.942668,True,competent,True,2026-07-31 21:17:37.004063,2026-07-31 21:17:39.970880,,,,chat,,False,False,False,4,613,183,
8e76fb9c-6454-4930-9350-26561719385b,2026-07-31 21:15:39.864545,2026-07-31 21:16:05.234977,True,competent,True,2026-07-31 21:15:39.863870,2026-07-31 21:15:43.560950,,,,chat,,False,False,False,4,687,211,
bbc7b51d-6cd7-4cbf-a767-c02d27301ccc,2026-07-31 21:28:45.944377,2026-07-31 21:29:12.890543,True,warm,True,2026-07-31 21:28:45.943634,2026-07-31 21:28:49.802082,,,,chat,,False,False,False,4,660,199,
e62debfa-0ade-4dba-a333-b71269022773,2026-07-31 21:27:04.302364,2026-07-31 21:27:29.303016,True,competent,True,2026-07-31 21:27:04.301762,2026-07-31 21:27:07.598895,,,,chat,,False,False,False,4,601,193,
9ad12281-57b3-44dd-aff6-59a15e96d402,2026-07-31 21:20:58.193500,2026-07-31 21:21:20.356595,True,warm,True,2026-07-31 21:20:58.192796,2026-07-31 21:21:01.054151,,,,chat,,False,False,False,4,480,197,
c204d28b-c373-4680-94b1-beebf5b08738,2026-07-31 21:22:31.223457,2026-07-31 21:22:57.212232,True,competent,True,2026-07-31 21:22:31.222786,2026-07-31 21:22:34.930920,,,,chat,,False,False,False,4,687,178,
6518f3ad-06d3-4325-a2d8-9d94b7710519,2026-07-31 21:23:00.288396,2026-07-31 21:23:00.288398,True,warm,True,2026-07-31 21:23:00.287719,,,,,vignette,,False,False,False,0,0,0,
b4a6f3eb-1bc7-4f6a-92e8-10c5260b5af9,2026-07-31 21:19:34.798449,2026-07-31 21:20:03.046663,True,competent,True,2026-07-31 21:19:34.797901,2026-07-31 21:19:38.001221,,,,chat,,False,False,False,4,597,220,
8b1f4b8e-45cc-4112-9335-c225cbd4531d,2026-07-31 21:29:14.852427,2026-07-31 21:29:14.852430,True,competent,True,2026-07-31 21:29:14.851754,,,,,vignette,,False,False,False,0,0,0,
bf994321-ac47-46c0-870d-7fce7bbf8fd8,2026-07-31 21:29:24.184124,2026-07-31 21:29:24.184126,True,warm,True,2026-07-31 21:29:24.183465,,,,,vignette,,False,False,False,0,0,0,
0c599023-a74f-41e7-b424-954e968c425e,2026-07-31 21:25:23.076071,2026-07-31 21:25:58.464337,True,competent,True,2026-07-31 21:25:23.075434,2026-07-31 21:25:28.705642,,,,chat,,False,False,False,4,1061,204,
d22de9e8-97ec-427f-b79c-7dc4e76c943c,2026-07-31 21:24:09.893714,2026-07-31 21:24:32.656179,True,warm,True,2026-07-31 21:24:09.893034,2026-07-31 21:24:12.690846,,,,chat,,False,False,False,4,678,189,
0e47c601-e629-4d23-b71d-95ef5370f06e,2026-07-31 21:27:57.351655,2026-07-31 21:28:34.482862,True,warm,True,2026-07-31 21:27:57.350997,2026-07-31 21:28:04.052729,,,,chat,,False,False,False,4,1119,246,
3d39f6aa-f57d-4c2c-84c1-3f0b98fa0549,2026-07-31 21:24:34.887367,2026-07-31 21:24:34.887368,True,warm,True,2026-07-31 21:24:34.886734,,,,,vignette,,False,False,False,0,0,0,
6b6c928f-54e5-40cb-a9b1-3a828217f3b7,2026-07-31 21:28:36.883565,2026-07-31 21:28:36.883567,True,warm,True,2026-07-31 21:28:36.882963,,,,,vignette,,False,False,False,0,0,0,
7d7a3587-468a-4e5e-b56e-a46a8aa0d173,2026-07-31 21:26:35.969336,2026-07-31 21:27:01.650670,True,warm,True,2026-07-31 21:26:35.968574,2026-07-31 21:26:39.519715,,,,chat,,False,False,False,4,736,216,
f8a3e313-8d6f-4ad3-a21b-b8d49e8e22b2,2026-07-31 21:30:11.410549,2026-07-31 21:30:36.482597,True,warm,True,2026-07-31 21:30:11.409917,2026-07-31 21:30:14.947805,,,,chat,,False,False,False,4,781,210,
00d77130-af86-47d1-a8ab-a7e85f97a8ec,2026-07-31 21:30:39.366709,2026-07-31 21:31:16.614438,True,warm,True,2026-07-31 21:30:39.366071,2026-07-31 21:30:44.972211,,,,chat,,False,False,False,4,1042,240,
9aae7ae5-b43d-4c74-b743-7a2fd38f3717,2026-07-31 21:33:18.481333,2026-07-31 21:33:18.481335,True,warm,True,2026-07-31 21:33:18.480745,,,,,vignette,,False,False,False,0,0,0,
8212b4d5-2585-435a-b26d-8715c2927f19,2026-07-31 21:32:53.716215,2026-07-31 21:33:16.337094,True,competent,True,2026-07-31 21:32:53.715532,2026-07-31 21:32:56.441396,,,,chat,,False,False,False,4,613,172,
34352b3b-8956-4363-913d-bd5df42ab42e,2026-07-31 21:31:18.814892,2026-07-31 21:31:54.461278,True,warm,True,2026-07-31 21:31:18.814270,2026-07-31 21:31:25.471919,,,,chat,,False,False,False,4,1016,232,
2bea23b2-4db3-40c4-b6b6-5959587963fa,2026-07-31 21:32:05.683242,2026-07-31 21:32:42.360308,True,competent,True,2026-07-31 21:32:05.682568,2026-07-31 21:32:11.421424,,,,chat,,False,False,False,4,997,216,
b1dfd1ac-a663-48c0-8319-71077dc125e6,2026-07-31 21:33:27.227009,2026-07-31 21:33:58.389307,True,competent,True,2026-07-31 21:33:27.226372,2026-07-31 21:33:30.419292,,,,chat,,False,False,False,4,737,186,
2e73c553-a7f7-41c4-af5d-daa45c9a5667,2026-07-31 21:34:01.003449,2026-07-31 21:34:24.169709,True,warm,True,2026-07-31 21:34:01.002798,2026-07-31 21:34:04.147889,,,,chat,,False,False,False,4,734,194,
3710d803-33a4-4cae-9ace-8a045dae700f,2026-07-31 21:34:56.633041,2026-07-31 21:34:56.633044,True,warm,True,2026-07-31 21:34:56.632166,,,,,vignette,,False,False,False,0,0,0,
e931d34d-3960-4c2d-b802-9dbb01182e04,2026-07-31 21:34:26.866903,2026-07-31 21:34:54.157401,True,competent,True,2026-07-31 21:34:26.866418,2026-07-31 21:34:30.375334,,,,chat,,False,False,False,4,820,205,
2b1c0e0f-c9a1-4e47-92c0-05837a3e52be,2026-07-31 21:35:05.697617,2026-07-31 21:35:42.098600,True,warm,True,2026-07-31 21:35:05.696505,2026-07-31 21:35:10.872179,,,,chat,,False,False,False,4,979,226,
7b7f5587-5574-457a-b6fc-ab6bf5e3fde1,2026-07-31 21:40:56.997919,2026-07-31 21:41:22.371001,True,competent,True,2026-07-31 21:40:56.997323,2026-07-31 21:40:59.894928,,,,chat,,False,False,False,4,603,208,
c2a84510-5dbd-4db5-bd79-236551396dff,2026-08-01 08:17:07.060881,2026-08-01 08:17:49.604027,True,competent,True,2026-08-01 08:17:07.060293,2026-08-01 08:17:15.064287,,,,chat,,False,False,False,4,1039,204,
6f9095b0-fa4c-4041-b0bc-2808e1fbde3e,2026-07-31 21:35:44.718702,2026-07-31 21:36:13.673100,True,competent,True,2026-07-31 21:35:44.718067,2026-07-31 21:35:47.053785,,,,chat,,False,False,False,4,509,209,
6188dba6-e141-4a06-88bb-0a4f2f1268f2,2026-08-01 08:04:14.550611,2026-08-01 08:05:02.359900,True,warm,True,2026-08-01 08:04:14.549790,2026-08-01 08:04:23.039329,,,,chat,,False,False,False,4,998,253,
695054b6-572e-4641-bea6-16468e2e7e76,2026-07-31 21:42:01.234051,2026-07-31 21:42:37.700161,True,competent,True,2026-07-31 21:42:01.233424,2026-07-31 21:42:08.415814,,,,chat,,False,False,False,4,987,196,
4df2aad7-14a0-40f6-ba69-00f498c139af,2026-07-31 21:36:15.743675,2026-07-31 21:36:51.613489,True,competent,True,2026-07-31 21:36:15.742837,2026-07-31 21:36:20.344154,,,,chat,,False,False,False,4,961,209,
d02a6974-6abf-4084-8306-e7fc57799323,2026-07-31 22:22:27.827790,2026-07-31 22:23:11.802772,True,competent,True,2026-07-31 22:22:27.827108,2026-07-31 22:22:36.531625,,,,chat,,False,False,False,4,969,190,
b3bb09db-eff4-43e4-93b7-90dcb3d5991d,2026-08-01 07:55:17.723328,2026-08-01 07:55:17.723330,True,competent,True,2026-08-01 07:55:17.722675,,,,,vignette,,False,False,False,0,0,0,
4ee9aac5-6814-4702-b3e8-48fa573cdbf1,2026-08-01 07:55:18.869893,2026-08-01 07:55:18.869895,True,warm,True,2026-08-01 07:55:18.869235,,,,,vignette,,False,False,False,0,0,0,
8a07c050-a810-4e49-a752-cbfd18c69fa4,2026-08-01 07:55:19.882255,2026-08-01 07:55:19.882256,True,warm,True,2026-08-01 07:55:19.881672,,,,,vignette,,False,False,False,0,0,0,
163dd03b-ac28-46a5-9eaa-15ab6452bdf7,2026-08-01 07:55:21.149210,2026-08-01 07:55:21.149211,True,warm,True,2026-08-01 07:55:21.148618,,,,,vignette,,False,False,False,0,0,0,
5d505340-e56e-416e-960d-3c70b49eefb1,2026-08-01 07:55:22.269113,2026-08-01 07:55:22.269114,True,warm,True,2026-08-01 07:55:22.268593,,,,,vignette,,False,False,False,0,0,0,
45b4d11e-e7d9-4b21-95f3-3eab17169cf0,2026-08-01 07:55:24.469680,2026-08-01 07:55:24.469681,True,competent,True,2026-08-01 07:55:24.469162,,,,,vignette,,False,False,False,0,0,0,
b94db764-ce43-4a5f-aa9f-bb294d58b1b8,2026-07-31 21:37:22.670675,2026-07-31 21:37:58.685021,True,competent,True,2026-07-31 21:37:22.669915,2026-07-31 21:37:28.148506,,,,chat,,False,False,False,4,1018,211,
98fbfdd2-f6e1-43ad-a2ea-25fb505be18a,2026-08-01 07:55:25.532532,2026-08-01 07:55:25.532534,True,warm,True,2026-08-01 07:55:25.531929,,,,,vignette,,False,False,False,0,0,0,
4dd88f74-2fb5-471c-a913-6593118abcee,2026-07-31 21:43:10.331045,2026-07-31 21:43:46.816581,True,warm,True,2026-07-31 21:43:10.330396,2026-07-31 21:43:15.791055,,,,chat,,False,False,False,4,997,257,
2be81971-e02f-4479-a901-bcde0ef09526,2026-07-31 21:43:49.051332,2026-07-31 21:43:49.051334,True,competent,True,2026-07-31 21:43:49.050704,,,,,vignette,,False,False,False,0,0,0,
bde260b5-215e-4b64-b187-240fa144d5a9,2026-08-01 07:55:26.716823,2026-08-01 07:55:26.716825,True,competent,True,2026-08-01 07:55:26.716173,,,,,vignette,,False,False,False,0,0,0,
eeac7695-ffdb-4b93-a92b-edba6f267da4,2026-08-01 07:55:27.842435,2026-08-01 07:55:27.842437,True,warm,True,2026-08-01 07:55:27.841606,,,,,vignette,,False,False,False,0,0,0,
93b39cf2-f4ca-46ca-9310-c85b13d94803,2026-08-01 07:55:30.054865,2026-08-01 07:55:30.054866,True,warm,True,2026-08-01 07:55:30.054229,,,,,vignette,,False,False,False,0,0,0,
43c54b5f-f7bc-4b5d-b5e0-e42fd58f42d3,2026-08-01 08:35:39.637617,2026-08-01 08:36:22.704789,True,warm,True,2026-08-01 08:35:39.637000,2026-08-01 08:35:47.067548,,,,chat,,False,False,False,4,1007,213,
bd18c757-f41a-4059-bcce-65bcf32be2e7,2026-08-01 08:11:31.198152,2026-08-01 08:12:16.493128,True,competent,True,2026-08-01 08:11:31.197661,2026-08-01 08:11:39.276744,,,,chat,,False,False,False,4,1018,215,
2a01a2ad-a27a-40e9-83f9-c22ae7612d86,2026-07-31 21:43:57.872706,2026-07-31 21:44:25.439895,True,competent,True,2026-07-31 21:43:57.872090,2026-07-31 21:44:01.080523,,,,chat,,False,False,False,4,677,212,
4a22f67a-0ede-48b2-869f-2a04350a1a29,2026-08-02 17:51:38.279955,2026-08-02 17:52:33.643325,True,warm,False,2026-08-02 17:51:38.279401,2026-08-02 17:51:42.997907,2026-08-02 17:51:56.733679,,2026-08-02 17:52:33.642673,completed,,True,True,True,3,44,112,14.67
eaee8680-44ed-4610-8840-be8b703179fa,2026-07-31 21:44:27.488207,2026-07-31 21:44:37.621450,True,warm,True,2026-07-31 21:44:27.487494,2026-07-31 21:44:34.855177,,,,chat,,False,False,False,1,219,53,
dd1fa50c-b00c-4909-b1fe-c725b5ca52fb,2026-08-01 07:57:45.623569,2026-08-01 07:58:31.131261,True,warm,True,2026-08-01 07:57:45.622865,2026-08-01 07:57:54.094413,,,,chat,,False,False,False,4,1091,234,
175de2ee-3552-47f3-99da-1d64c6f09d71,2026-08-01 08:06:44.924893,2026-08-01 08:07:28.963960,True,warm,True,2026-08-01 08:06:44.924276,2026-08-01 08:06:52.847487,,,,chat,,False,False,False,4,1071,233,
91e98345-33dd-4155-a4e1-f538759f5343,2026-07-31 21:46:19.226233,2026-07-31 21:46:56.427851,True,warm,True,2026-07-31 21:46:19.225579,2026-07-31 21:46:24.918916,,,,chat,,False,False,False,4,1070,233,
af7ab15a-642f-42ea-995b-528c062bc871,2026-08-01 08:27:28.164770,2026-08-01 08:28:11.065176,True,competent,True,2026-08-01 08:27:28.164143,2026-08-01 08:27:36.855168,,,,chat,,False,False,False,4,1082,215,
5423e2fb-057c-40d9-ba52-11382e22913b,2026-08-01 08:21:59.824045,2026-08-01 08:22:46.451595,True,competent,True,2026-08-01 08:21:59.823474,2026-08-01 08:22:07.867479,,,,chat,,False,False,False,4,985,241,
5aa69210-7d69-4d14-817a-b25330444eba,2026-08-01 08:12:19.831850,2026-08-01 08:13:03.061986,True,warm,True,2026-08-01 08:12:19.831218,2026-08-01 08:12:28.285182,,,,chat,,False,False,False,4,1014,221,
9331a10a-b704-48ee-a9ef-b9d396b51c26,2026-08-01 08:00:55.903661,2026-08-01 08:01:43.348247,True,competent,True,2026-08-01 08:00:55.902874,2026-08-01 08:01:05.516316,,,,chat,,False,False,False,4,1077,199,
f779c199-34c9-45d4-a179-2093647a2c16,2026-08-02 16:44:24.680747,2026-08-02 16:45:18.321398,True,warm,False,2026-08-02 16:44:24.680281,2026-08-02 16:44:32.559495,2026-08-02 16:44:53.726247,,2026-08-02 16:45:18.320863,completed,,True,True,True,3,91,135,30.33
b619ba2b-4bba-4421-abe5-49482715bd2c,2026-08-01 08:33:59.335533,2026-08-01 08:34:45.736448,True,warm,True,2026-08-01 08:33:59.334888,2026-08-01 08:34:07.180431,,,,chat,,False,False,False,4,1037,222,
b9ed4f42-01a5-439c-bdb5-2ecb57360699,2026-08-01 08:08:22.303848,2026-08-01 08:09:06.527345,True,competent,True,2026-08-01 08:08:22.303051,2026-08-01 08:08:30.889551,,,,chat,,False,False,False,4,1047,229,
911bb25d-ef21-49e3-8044-70799cf0d2e0,2026-08-01 08:36:25.435123,2026-08-01 08:37:10.835887,True,competent,True,2026-08-01 08:36:25.434453,2026-08-01 08:36:33.968079,,,,chat,,False,False,False,4,1056,187,
1051d0fe-62d7-41e1-96b6-e6a942f48dc3,2026-08-01 08:24:27.215154,2026-08-01 08:25:10.069069,True,warm,True,2026-08-01 08:24:27.214290,2026-08-01 08:24:35.948279,,,,chat,,False,False,False,4,1067,246,
7d4ccdfa-9319-4133-a6f5-e8c1162bdea3,2026-08-01 08:33:09.878419,2026-08-01 08:33:56.625852,True,warm,True,2026-08-01 08:33:09.877784,2026-08-01 08:33:18.546916,,,,chat,,False,False,False,4,1063,246,
f101417f-0fc9-428f-b293-ccd989d7ca1d,2026-08-01 07:55:28.955542,2026-08-01 07:55:28.955544,True,competent,True,2026-08-01 07:55:28.954890,,,,,vignette,,False,False,False,0,0,0,
92fd3634-4fe6-436d-a5eb-c6366eb27b97,2026-07-31 21:39:38.767661,2026-07-31 21:40:03.289623,True,warm,True,2026-07-31 21:39:38.767014,2026-07-31 21:39:41.952370,,,,chat,,False,False,False,4,655,211,
04593c06-a9d4-4ba9-9da2-ca88b17daa6a,2026-08-01 08:29:55.959822,2026-08-01 08:30:40.038434,True,competent,True,2026-08-01 08:29:55.959205,2026-08-01 08:30:03.565562,,,,chat,,False,False,False,4,994,204,
f660793c-8ca9-4495-9a76-b2f432719b7d,2026-07-31 21:36:54.594112,2026-07-31 21:37:20.212614,True,competent,True,2026-07-31 21:36:54.593495,2026-07-31 21:36:57.698658,,,,chat,,False,False,False,4,528,204,
7d9568ad-e613-4692-9fc5-b9c509e15a44,2026-08-01 08:20:22.904904,2026-08-01 08:21:07.013702,True,competent,True,2026-08-01 08:20:22.904279,2026-08-01 08:20:30.183958,,,,chat,,False,False,False,4,1014,198,
689c175c-0f91-47dd-bc22-ae886c18d49a,2026-08-01 08:17:52.522484,2026-08-01 08:18:36.887812,True,competent,True,2026-08-01 08:17:52.521800,2026-08-01 08:18:01.336056,,,,chat,,False,False,False,4,1030,210,
0406aac0-6e2e-4426-8603-cb8fcc085b55,2026-08-02 16:48:56.815797,2026-08-02 16:49:59.918855,True,competent,False,2026-08-02 16:48:56.815195,2026-08-02 16:49:08.722715,2026-08-02 16:49:28.168163,,2026-08-02 16:49:59.918399,completed,,True,True,True,3,82,119,27.33
fc8b25ed-2fae-4538-a5eb-09ec7d1ea441,2026-07-31 21:42:40.446936,2026-07-31 21:43:08.039233,True,competent,True,2026-07-31 21:42:40.446299,2026-07-31 21:42:43.944129,,,,chat,,False,False,False,4,704,200,
fb126af7-df43-4990-8d12-3d8b038f20d8,2026-07-31 21:38:01.108555,2026-07-31 21:38:23.884162,True,competent,True,2026-07-31 21:38:01.107981,2026-07-31 21:38:04.379284,,,,chat,,False,False,False,4,565,203,
08df923c-f6ad-4a67-b140-31191e76ecbf,2026-08-01 07:58:34.203353,2026-08-01 07:59:18.637796,True,warm,True,2026-08-01 07:58:34.202658,2026-08-01 07:58:41.055272,,,,chat,,False,False,False,4,973,215,
47f1c0bc-7762-4abc-b790-3ceadad7dc57,2026-08-01 08:13:06.933824,2026-08-01 08:13:54.397347,True,competent,True,2026-08-01 08:13:06.933205,2026-08-01 08:13:16.742891,,,,chat,,False,False,False,4,1041,225,
22d61ac7-3735-46a7-8fc7-8a9b9ef1cb88,2026-08-01 08:25:12.938647,2026-08-01 08:25:53.901759,True,competent,True,2026-08-01 08:25:12.938039,2026-08-01 08:25:20.528623,,,,chat,,False,False,False,4,961,212,
528dd76c-7837-43e7-99b2-eacee32d51ea,2026-08-02 17:52:43.137933,2026-08-02 17:53:42.682049,True,warm,False,2026-08-02 17:52:43.137424,2026-08-02 17:52:50.800420,2026-08-02 17:53:05.970240,,2026-08-02 17:53:42.681488,completed,,True,True,True,3,46,98,15.33
77b1d57d-5155-43bb-9e83-b5a5da206c9c,2026-07-31 21:38:25.847004,2026-07-31 21:38:52.813661,True,warm,True,2026-07-31 21:38:25.846371,2026-07-31 21:38:29.020227,,,,chat,,False,False,False,4,694,184,
56658c6a-8415-4d8e-b777-d45e930acbef,2026-07-31 21:38:55.236106,2026-07-31 21:38:55.236108,True,competent,True,2026-07-31 21:38:55.235513,,,,,vignette,,False,False,False,0,0,0,
12e2e5b0-889b-4a61-8cb5-615442a83e60,2026-07-31 21:45:52.768270,2026-07-31 21:46:16.640946,True,warm,True,2026-07-31 21:45:52.767518,2026-07-31 21:45:56.040868,,,,chat,,False,False,False,4,663,194,
bafba289-2c88-4a42-a592-2b31254a05a6,2026-07-31 21:46:58.721428,2026-07-31 21:46:58.721430,True,warm,True,2026-07-31 21:46:58.720730,,,,,vignette,,False,False,False,0,0,0,
60e86a38-d582-45ca-a20e-4f607dae4d2c,2026-08-02 17:50:10.488225,2026-08-02 17:51:21.794029,True,competent,False,2026-08-02 17:50:10.487840,2026-08-02 17:50:23.222423,2026-08-02 17:50:41.146366,,2026-08-02 17:51:21.793418,completed,,True,True,True,3,38,117,12.67
bc2d46ee-23b5-4fe1-87eb-2f72875d0dc5,2026-08-01 08:18:40.053462,2026-08-01 08:19:24.874127,True,warm,True,2026-08-01 08:18:40.052871,2026-08-01 08:18:48.243851,,,,chat,,False,False,False,4,1015,237,
4a64d890-66d7-40a0-8825-ee68de0eeadd,2026-08-01 07:59:22.180105,2026-08-01 08:00:06.191657,True,warm,True,2026-08-01 07:59:22.178888,2026-08-01 07:59:30.610521,,,,chat,,False,False,False,4,978,212,
606a7e65-2cb0-4b04-a215-3bae801168ba,2026-07-31 21:39:02.682041,2026-07-31 21:39:26.499697,True,competent,True,2026-07-31 21:39:02.681402,2026-07-31 21:39:05.531446,,,,chat,,False,False,False,4,534,205,
92b6627e-ffbd-48a1-b598-5603c1000639,2026-07-31 21:39:28.535481,2026-07-31 21:39:28.535483,True,competent,True,2026-07-31 21:39:28.534860,,,,,vignette,,False,False,False,0,0,0,
5a41e538-2f95-4952-af17-f62f89f82dae,2026-08-02 16:51:29.705536,2026-08-02 16:52:35.061616,True,competent,False,2026-08-02 16:51:29.704453,2026-08-02 16:51:34.033921,2026-08-02 16:51:50.366776,,2026-08-02 16:52:35.061149,completed,,True,True,True,3,55,124,18.33
3ba7a6ab-0593-4b9d-86d7-98fe8b7b9899,2026-08-01 08:13:57.364614,2026-08-01 08:14:42.961585,True,warm,True,2026-08-01 08:13:57.364046,2026-08-01 08:14:07.073785,,,,chat,,False,False,False,4,958,212,
573e8e2c-2a0d-44b5-b1f2-8544cbcd6602,2026-08-01 08:22:49.836120,2026-08-01 08:23:37.361495,True,competent,True,2026-08-01 08:22:49.835484,2026-08-01 08:22:57.827999,,,,chat,,False,False,False,4,960,229,
34304b8c-9ab4-4410-8607-7460526ea15e,2026-08-02 16:45:25.390574,2026-08-02 16:46:27.468009,True,warm,False,2026-08-02 16:45:25.390162,2026-08-02 16:45:29.490166,2026-08-02 16:45:44.160876,,2026-08-02 16:46:27.467504,completed,,True,True,True,3,74,106,24.67
740ec931-3f3f-42f1-b789-e025cab6063e,2026-08-01 08:00:08.989653,2026-08-01 08:00:52.705082,True,warm,True,2026-08-01 08:00:08.989020,2026-08-01 08:00:15.626457,,,,chat,,False,False,False,4,1019,228,
cc7e5082-d53a-4f0d-9614-d1b6ba25d53d,2026-08-01 08:30:43.234748,2026-08-01 08:31:26.027451,True,warm,True,2026-08-01 08:30:43.234139,2026-08-01 08:30:50.862315,,,,chat,,False,False,False,4,901,214,
655b6b51-c856-4bc3-9100-fdd65e609ace,2026-08-01 08:28:14.068399,2026-08-01 08:29:05.411631,True,competent,True,2026-08-01 08:28:14.067709,2026-08-01 08:28:21.533730,,,,chat,,False,False,False,4,1007,190,
d5292248-892a-4702-ac00-368d353be82f,2026-08-01 08:19:27.711424,2026-08-01 08:20:19.994774,True,warm,True,2026-08-01 08:19:27.710763,2026-08-01 08:19:34.838856,,,,chat,,False,False,False,4,974,225,
9c07cc08-dedd-4455-bfaa-315d4c154832,2026-08-01 08:14:46.416175,2026-08-01 08:15:30.371653,True,competent,True,2026-08-01 08:14:46.415539,2026-08-01 08:14:54.449651,,,,chat,,False,False,False,4,957,230,
77363a90-5a25-494d-82f1-8883abf29002,2026-08-01 08:09:09.460816,2026-08-01 08:09:53.587276,True,competent,True,2026-08-01 08:09:09.460189,2026-08-01 08:09:17.360102,,,,chat,,False,False,False,4,1052,161,
022d21b6-a60a-4731-b3a3-db58e76b4f44,2026-08-01 08:23:40.608243,2026-08-01 08:24:24.414619,True,competent,True,2026-08-01 08:23:40.607629,2026-08-01 08:23:48.905409,,,,chat,,False,False,False,4,1009,207,
4904876c-0beb-4216-8e7b-036bb5d5e1c2,2026-08-02 16:47:37.433375,2026-08-02 16:48:37.126454,True,warm,False,2026-08-02 16:47:37.432844,2026-08-02 16:47:42.908533,2026-08-02 16:48:04.037461,,2026-08-02 16:48:37.125969,completed,,True,True,True,3,53,113,17.67
33beefb4-47d0-4157-b9ce-2d96388f2b59,2026-08-02 18:03:02.602017,2026-08-02 18:13:29.080909,True,competent,False,2026-08-02 18:03:02.601500,2026-08-02 18:12:42.534438,2026-08-02 18:12:58.542692,,2026-08-02 18:13:29.080325,completed,,True,True,True,3,49,119,16.33
d87db16d-c338-4dcf-acbe-3ac44d4f176f,2026-08-02 16:50:16.266757,2026-08-02 16:51:17.056454,True,warm,False,2026-08-02 16:50:16.266408,2026-08-02 16:50:27.137052,2026-08-02 16:50:43.421523,,2026-08-02 16:51:17.055915,completed,,True,True,True,3,59,107,19.67
3d0a4501-2745-4303-a55a-1a0b174334c9,2026-08-02 16:46:34.759987,2026-08-02 16:47:29.334021,True,competent,False,2026-08-02 16:46:34.759515,2026-08-02 16:46:40.626355,2026-08-02 16:46:56.495712,,2026-08-02 16:47:29.333178,completed,,True,True,True,3,76,96,25.33
328cd24d-a0a1-4020-8def-30b7901d615b,2026-08-01 08:34:49.575650,2026-08-01 08:35:36.132711,True,warm,True,2026-08-01 08:34:49.575044,2026-08-01 08:34:58.310747,,,,chat,,False,False,False,4,1067,230,
1783ba2b-0a48-4478-9853-463a011470ea,2026-08-02 17:55:32.556508,2026-08-02 17:56:42.546422,True,competent,False,2026-08-02 17:55:32.556047,2026-08-02 17:55:49.715384,2026-08-02 17:56:01.975523,,2026-08-02 17:56:42.545951,completed,,True,True,True,3,50,109,16.67
